USE CutePuppiesTest;


INSERT INTO Post (CreatedByUserId, CreatedOnDate, UpdatedByUserId, UpdatedOnDate, ArchivedByUserId, ArchivedOnDate) 
VALUES (0, '2016-12-11', null, null, null, null);
INSERT INTO Content 
(PostId, Title, ContentImgLink, Body, Snippet, ContentStatusCode, UrlPattern, ContentTypeCode, CreatedByUserId, CreatedOnDate, UpdatedByUserId, UpdatedOnDate, ArchivedByUserId, ArchivedOnDate) 
VALUES
(5, 'Post by admin', 'someImgLink', 'body for content 1 of post 5', 'snippet for content 1 of post 5', 'PUBLISHED', 'urlPatternContent1Post5', 'POST', 0, '2016-12-11', null, null, null, null);
INSERT INTO content_category (ContentId, CategoryId) VALUES (7, 1);
INSERT INTO content_tag (ContentId, TagId) VALUES (7, 1);

INSERT INTO Post (CreatedByUserId, CreatedOnDate, UpdatedByUserId, UpdatedOnDate, ArchivedByUserId, ArchivedOnDate) 
VALUES (0, '2016-12-12', null, null, null, null);
INSERT INTO Content 
(PostId, Title, ContentImgLink, Body, Snippet, ContentStatusCode, UrlPattern, ContentTypeCode, CreatedByUserId, CreatedOnDate, UpdatedByUserId, UpdatedOnDate, ArchivedByUserId, ArchivedOnDate) 
VALUES
(6, 'Post by admin', 'someImgLink', 'body for content 1 of post 6', 'snippet for content 1 of post 6', 'PUBLISHED', 'urlPatternContent1Post6', 'POST', 0, '2016-12-12', null, null, null, null);
INSERT INTO content_category (ContentId, CategoryId) VALUES (8, 1);
INSERT INTO content_tag (ContentId, TagId) VALUES (8, 1);

INSERT INTO Post (CreatedByUserId, CreatedOnDate, UpdatedByUserId, UpdatedOnDate, ArchivedByUserId, ArchivedOnDate) 
VALUES (0, '2016-12-13', null, null, null, null);
INSERT INTO Content 
(PostId, Title, ContentImgLink, Body, Snippet, ContentStatusCode, UrlPattern, ContentTypeCode, CreatedByUserId, CreatedOnDate, UpdatedByUserId, UpdatedOnDate, ArchivedByUserId, ArchivedOnDate) 
VALUES
(7, 'Post by admin', 'someImgLink', 'body for content 1 of post7', 'snippet for content 1 of post 7', 'PUBLISHED', 'urlPatternContent1Post7', 'POST', 0, '2016-12-13', null, null, null, null);
INSERT INTO content_category (ContentId, CategoryId) VALUES (9, 1);
INSERT INTO content_tag (ContentId, TagId) VALUES (9, 1);

INSERT INTO Post (CreatedByUserId, CreatedOnDate, UpdatedByUserId, UpdatedOnDate, ArchivedByUserId, ArchivedOnDate) 
VALUES (0, '2016-12-14', null, null, null, null);
INSERT INTO Content 
(PostId, Title, ContentImgLink, Body, Snippet, ContentStatusCode, UrlPattern, ContentTypeCode, CreatedByUserId, CreatedOnDate, UpdatedByUserId, UpdatedOnDate, ArchivedByUserId, ArchivedOnDate) 
VALUES
(8, 'Post by admin', 'someImgLink', 'body for content 1 of post 8', 'snippet for content 1 of post 8', 'PUBLISHED', 'urlPatternContent1Post8', 'POST', 0, '2016-12-14', null, null, null, null);
INSERT INTO content_category (ContentId, CategoryId) VALUES (10, 1);
INSERT INTO content_tag (ContentId, TagId) VALUES (10, 1);

INSERT INTO Post (CreatedByUserId, CreatedOnDate, UpdatedByUserId, UpdatedOnDate, ArchivedByUserId, ArchivedOnDate) 
VALUES (0, '2016-12-15', null, null, null, null);
INSERT INTO Content 
(PostId, Title, ContentImgLink, Body, Snippet, ContentStatusCode, UrlPattern, ContentTypeCode, CreatedByUserId, CreatedOnDate, UpdatedByUserId, UpdatedOnDate, ArchivedByUserId, ArchivedOnDate) 
VALUES
(9, 'Post by admin', 'someImgLink', 'body for content 1 of post 9', 'snippet for content 1 of post 9', 'PUBLISHED', 'urlPatternContent1Post9', 'POST', 0, '2016-12-15', null, null, null, null);
INSERT INTO content_category (ContentId, CategoryId) VALUES (11, 1);
INSERT INTO content_tag (ContentId, TagId) VALUES (11, 1);

INSERT INTO Post (CreatedByUserId, CreatedOnDate, UpdatedByUserId, UpdatedOnDate, ArchivedByUserId, ArchivedOnDate) 
VALUES (0, '2016-12-16', null, null, null, null);
INSERT INTO Content 
(PostId, Title, ContentImgLink, Body, Snippet, ContentStatusCode, UrlPattern, ContentTypeCode, CreatedByUserId, CreatedOnDate, UpdatedByUserId, UpdatedOnDate, ArchivedByUserId, ArchivedOnDate) 
VALUES
(10, 'Post by admin', 'someImgLink', 'body for content 1 of post 10', 'snippet for content 1 of post 10', 'PUBLISHED', 'urlPatternContent1Post10', 'POST', 0, '2016-12-16', null, null, null, null);
INSERT INTO content_category (ContentId, CategoryId) VALUES (12, 1);
INSERT INTO content_tag (ContentId, TagId) VALUES (12, 1);

INSERT INTO Post (CreatedByUserId, CreatedOnDate, UpdatedByUserId, UpdatedOnDate, ArchivedByUserId, ArchivedOnDate) 
VALUES (0, '2016-12-17', null, null, null, null);
INSERT INTO Content 
(PostId, Title, ContentImgLink, Body, Snippet, ContentStatusCode, UrlPattern, ContentTypeCode, CreatedByUserId, CreatedOnDate, UpdatedByUserId, UpdatedOnDate, ArchivedByUserId, ArchivedOnDate) 
VALUES
(11, 'Post by admin', 'someImgLink', 'body for content 1 of post 11', 'snippet for content 1 of post 11', 'PUBLISHED', 'urlPatternContent1Post11', 'POST', 0, '2016-12-17', null, null, null, null);
INSERT INTO content_category (ContentId, CategoryId) VALUES (13, 1);
INSERT INTO content_tag (ContentId, TagId) VALUES (13, 1);

INSERT INTO Post (CreatedByUserId, CreatedOnDate, UpdatedByUserId, UpdatedOnDate, ArchivedByUserId, ArchivedOnDate) 
VALUES (0, '2016-12-18', null, null, null, null);
INSERT INTO Content 
(PostId, Title, ContentImgLink, Body, Snippet, ContentStatusCode, UrlPattern, ContentTypeCode, CreatedByUserId, CreatedOnDate, UpdatedByUserId, UpdatedOnDate, ArchivedByUserId, ArchivedOnDate) 
VALUES
(12, 'Post by admin', 'someImgLink', 'body for content 1 of post 12', 'snippet for content 1 of post 12', 'PUBLISHED', 'urlPatternContent1Post12', 'POST', 0, '2016-12-18', null, null, null, null);
INSERT INTO content_category (ContentId, CategoryId) VALUES (14, 1);
INSERT INTO content_tag (ContentId, TagId) VALUES (14, 1);

INSERT INTO Post (CreatedByUserId, CreatedOnDate, UpdatedByUserId, UpdatedOnDate, ArchivedByUserId, ArchivedOnDate) 
VALUES (0, '2016-12-19', null, null, null, null);
INSERT INTO Content 
(PostId, Title, ContentImgLink, Body, Snippet, ContentStatusCode, UrlPattern, ContentTypeCode, CreatedByUserId, CreatedOnDate, UpdatedByUserId, UpdatedOnDate, ArchivedByUserId, ArchivedOnDate) 
VALUES
(13, 'Post by admin', 'someImgLink', 'body for content 1 of post 13', 'snippet for content 1 of post 13', 'PUBLISHED', 'urlPatternContent1Post13', 'POST', 0, '2016-12-19', null, null, null, null);
INSERT INTO content_category (ContentId, CategoryId) VALUES (15, 1);
INSERT INTO content_tag (ContentId, TagId) VALUES (15, 1);

INSERT INTO Post (CreatedByUserId, CreatedOnDate, UpdatedByUserId, UpdatedOnDate, ArchivedByUserId, ArchivedOnDate) 
VALUES (0, '2016-12-20', null, null, null, null);
INSERT INTO Content 
(PostId, Title, ContentImgLink, Body, Snippet, ContentStatusCode, UrlPattern, ContentTypeCode, CreatedByUserId, CreatedOnDate, UpdatedByUserId, UpdatedOnDate, ArchivedByUserId, ArchivedOnDate) 
VALUES
(14, 'Post by admin', 'someImgLink', 'body for content 1 of post 14', 'snippet for content 1 of post 14', 'PUBLISHED', 'urlPatternContent1Post14', 'POST', 0, '2016-12-20', null, null, null, null);
INSERT INTO content_category (ContentId, CategoryId) VALUES (16, 1);
INSERT INTO content_tag (ContentId, TagId) VALUES (16, 1);
